<?xml version="1.0" encoding="UTF-8" standalone="no"?>
<window xmlns="http://jmix.io/schema/ui/window"
        xmlns:c="http://jmix.io/schema/ui/jpql-condition"
        caption="msg://dirigeantBrowse.caption"
        focusComponent="dirigeantsTable">
    <data readOnly="true">
        <collection id="dirigeantsDc"
                    class="com.ascend.memphis.entity.Dirigeant">
            <fetchPlan extends="_base"/>
            <loader id="dirigeantsDl">
                <query>
                    <![CDATA[select e from Dirigeant e]]>
                </query>
            </loader>
        </collection>
    </data>
    <facets>
        <dataLoadCoordinator auto="true"/>
        <screenSettings id="settingsFacet" auto="true"/>
    </facets>
    <actions>
        <action id="lookupSelectAction"
                caption="msg:///actions.Select"
                icon="LOOKUP_OK"
                primary="true"
                shortcut="${COMMIT_SHORTCUT}"/>
        <action id="lookupCancelAction"
                caption="msg:///actions.Cancel"
                icon="LOOKUP_CANCEL"/>
    </actions>
    <dialogMode height="600"
                width="800"/>
    <layout expand="dirigeantsTable" spacing="true">
        <filter id="filter"
                dataLoader="dirigeantsDl">
            <properties include=".*"/>
        </filter>
        <groupTable id="dirigeantsTable"
                    width="100%"
                    dataContainer="dirigeantsDc">
            <actions>
                <action id="create" type="create"/>
                <action id="edit" type="edit"/>
                <action id="remove" type="remove"/>
            </actions>
            <columns>
                <column id="nom_dirigeant"/>
                <column id="telephone"/>
                <column id="email"/>
            </columns>
            <simplePagination/>
            <buttonsPanel id="buttonsPanel"
                          alwaysVisible="true">
                <button id="createBtn" action="dirigeantsTable.create"/>
                <button id="editBtn" action="dirigeantsTable.edit"/>
                <button id="removeBtn" action="dirigeantsTable.remove"/>
            </buttonsPanel>
        </groupTable>
        <hbox id="lookupActions" spacing="true" visible="false">
            <button action="lookupSelectAction"/>
            <button action="lookupCancelAction"/>
        </hbox>
    </layout>
</window>
