<?xml version="1.0" encoding="UTF-8" standalone="no"?>
<window xmlns="http://jmix.io/schema/ui/window"
        xmlns:c="http://jmix.io/schema/ui/jpql-condition"
        caption="msg://programmeBrowse.caption"
        focusComponent="programmesTable">
    <data readOnly="true">
        <collection id="programmesDc"
                    class="com.ascend.memphis.entity.Programme">
            <fetchPlan extends="_base"/>
            <loader id="programmesDl">
                <query>
                    <![CDATA[select e from Programme e]]>
                </query>
            </loader>
        </collection>
    </data>
    <facets>
        <dataLoadCoordinator auto="true"/>
        <screenSettings id="settingsFacet" auto="true"/>
    </facets>
    <actions>
        <action id="lookupSelectAction"
                caption="msg:///actions.Select"
                icon="LOOKUP_OK"
                primary="true"
                shortcut="${COMMIT_SHORTCUT}"/>
        <action id="lookupCancelAction"
                caption="msg:///actions.Cancel"
                icon="LOOKUP_CANCEL"/>
    </actions>
    <dialogMode height="600"
                width="800"/>
    <layout expand="programmesTable" spacing="true">
        <filter id="filter"
                dataLoader="programmesDl">
            <properties include=".*"/>
        </filter>
        <groupTable id="programmesTable"
                    width="100%"
                    dataContainer="programmesDc">
            <actions>
                <action id="create" type="create" caption="msg://create.caption"/>
                <action id="edit" type="edit" caption="msg://edit.caption"/>
                <action id="remove" type="remove" caption="msg://remove.caption"/>
            </actions>
            <columns>
                <column id="name"/>
                <column id="budget"/>
                <column id="dateDemarrage"/>
                <column id="dateFin"/>
                <column id="realiseEnCours"/>
                <column id="totalRealise"/>
                <column id="realiseTermine"/>
                <column id="observation"/>
            </columns>
            <simplePagination/>
            <buttonsPanel id="buttonsPanel"
                          alwaysVisible="true">
                <button id="createBtn" action="programmesTable.create"/>
                <button id="editBtn" action="programmesTable.edit"/>
                <button id="removeBtn" action="programmesTable.remove"/>
            </buttonsPanel>
        </groupTable>
        <hbox id="lookupActions" spacing="true" visible="false">
            <button action="lookupSelectAction"/>
            <button action="lookupCancelAction"/>
        </hbox>
    </layout>
</window>
