<?xml version="1.0" encoding="UTF-8" standalone="no"?>
<window xmlns="http://jmix.io/schema/ui/window"
        caption="msg://programmeEdit.caption"
        focusComponent="form">
    <data>
        <instance id="programmeDc"
                  class="com.ascend.memphis.entity.Programme">
            <fetchPlan extends="_base"/>
            <loader/>
        </instance>
    </data>
    <facets>
        <dataLoadCoordinator auto="true"/>
        <screenSettings id="settingsFacet" auto="true"/>
    </facets>
    <actions>
        <action id="windowCommitAndClose" caption="msg:///actions.Ok"
                icon="EDITOR_OK"
                primary="true"
                shortcut="${COMMIT_SHORTCUT}"/>
        <action id="windowClose"
                caption="msg:///actions.Close"
                icon="EDITOR_CANCEL"/>
    </actions>
    <dialogMode height="AUTO"
                width="AUTO"
                modal="true"
                forceDialog="true"/>
    <layout spacing="true" expand="editActions">
        <form id="form" dataContainer="programmeDc">
            <column width="500px">
                <textField id="nameField" property="name"/>
                <textField id="budgetField" property="budget"/>
                <dateField id="dateDemarrageField" property="dateDemarrage"/>
                <dateField id="dateFinField" property="dateFin"/>
                <textField id="realiseEnCoursField" property="realiseEnCours"/>
                <textField id="totalRealiseField" property="totalRealise"/>
                <textField id="realiseTermineField" property="realiseTermine"/>
                <textField id="observationField" property="observation"/>
            </column>
        </form>
        <hbox id="editActions" spacing="true">
            <button id="commitAndCloseBtn" action="windowCommitAndClose"/>
            <button id="closeBtn" action="windowClose"/>
        </hbox>
    </layout>
</window>
