<?xml version="1.0" encoding="UTF-8" standalone="no"?>
<window xmlns="http://jmix.io/schema/ui/window"
        xmlns:c="http://jmix.io/schema/ui/jpql-condition"
        caption="msg://etapeMOBrowse.caption"
        focusComponent="etapeMoesTable">
    <data readOnly="true">
        <collection id="etapeMoesDc"
                    class="com.ascend.memphis.entity.EtapeMO">
            <fetchPlan extends="_base"/>
            <loader id="etapeMoesDl">
                <query>
                    <![CDATA[select e from EtapeMO e]]>
                </query>
            </loader>
        </collection>
    </data>
    <facets>
        <dataLoadCoordinator auto="true"/>
        <screenSettings id="settingsFacet" auto="true"/>
    </facets>
    <actions>
        <action id="lookupSelectAction"
                caption="msg:///actions.Select"
                icon="LOOKUP_OK"
                primary="true"
                shortcut="${COMMIT_SHORTCUT}"/>
        <action id="lookupCancelAction"
                caption="msg:///actions.Cancel"
                icon="LOOKUP_CANCEL"/>
    </actions>
    <dialogMode height="600"
                width="800"/>
    <layout expand="etapeMoesTable" spacing="true">
        <filter id="filter"
                dataLoader="etapeMoesDl">
            <properties include=".*"/>
        </filter>
        <treeTable id="etapeMoesTable"
                   width="100%"
                   dataContainer="etapeMoesDc"
                   hierarchyProperty="dependDe">
            <actions>
                <action id="create" type="create"/>
                <action id="edit" type="edit"/>
                <action id="remove" type="remove"/>
            </actions>
            <columns>
                <column id="code"/>
                <column id="name"/>
                <column id="tauxTravaux">
                    <formatter>
                        <custom bean="ui_PercentFormatter"/>
                    </formatter>
                </column>
                <column id="tauxMOD">
                    <formatter>
                        <custom bean="ui_PercentFormatter"/>
                    </formatter>
                </column>
            </columns>
            <simplePagination/>
            <buttonsPanel id="buttonsPanel"
                          alwaysVisible="true">
                <button id="createBtn" action="etapeMoesTable.create" caption="msg://createBtn.caption"/>
                <button id="editBtn" action="etapeMoesTable.edit" caption="msg://editBtn.caption"/>
                <button id="removeBtn" action="etapeMoesTable.remove" caption="msg://removeBtn.caption"/>
            </buttonsPanel>
        </treeTable>
        <hbox id="lookupActions" spacing="true" visible="false">
            <button action="lookupSelectAction"/>
            <button action="lookupCancelAction"/>
        </hbox>
    </layout>
</window>
