<?xml version="1.0" encoding="UTF-8" standalone="no"?>
<window xmlns="http://jmix.io/schema/ui/window"
        xmlns:c="http://jmix.io/schema/ui/jpql-condition"
        caption="msg://typeRealisationBrowse.caption"
        focusComponent="typeRealisationsTable">
    <data readOnly="true">
        <collection id="typeRealisationsDc"
                    class="com.ascend.memphis.entity.TypeRealisation">
            <fetchPlan extends="_base">
                <property name="secteurProjet" fetchPlan="_base"/>
            </fetchPlan>
            <loader id="typeRealisationsDl">
                <query>
                    <![CDATA[select e from TypeRealisation e]]>
                </query>
            </loader>
        </collection>
    </data>
    <facets>
        <dataLoadCoordinator auto="true"/>
        <screenSettings id="settingsFacet" auto="true"/>
    </facets>
    <actions>
        <action id="lookupSelectAction"
                caption="msg:///actions.Select"
                icon="LOOKUP_OK"
                primary="true"
                shortcut="${COMMIT_SHORTCUT}"/>
        <action id="lookupCancelAction"
                caption="msg:///actions.Cancel"
                icon="LOOKUP_CANCEL"/>
    </actions>
    <dialogMode height="600"
                width="800"/>
    <layout expand="typeRealisationsTable" spacing="true">
        <filter id="filter"
                dataLoader="typeRealisationsDl" caption="msg://filter.caption">
            <properties include=".*"/>
        </filter>
        <groupTable id="typeRealisationsTable"
                    width="100%"
                    dataContainer="typeRealisationsDc">
            <actions>
                <action id="create" type="create" caption="msg://create.caption"/>
                <action id="edit" type="edit" caption="msg://edit.caption"/>
                <action id="remove" type="remove" caption="msg://remove.caption"/>
            </actions>
            <columns>
                <column id="name"/>
                <column id="secteurProjet"/>
            </columns>
            <simplePagination/>
            <buttonsPanel id="buttonsPanel"
                          alwaysVisible="true">
                <button id="createBtn" action="typeRealisationsTable.create"/>
                <button id="editBtn" action="typeRealisationsTable.edit"/>
                <button id="removeBtn" action="typeRealisationsTable.remove"/>
            </buttonsPanel>
        </groupTable>
        <hbox id="lookupActions" spacing="true" visible="false">
            <button action="lookupSelectAction"/>
            <button action="lookupCancelAction"/>
        </hbox>
    </layout>
</window>
