<?xml version="1.0" encoding="UTF-8" standalone="no"?>
<window xmlns="http://jmix.io/schema/ui/window"
        xmlns:c="http://jmix.io/schema/ui/jpql-condition"
        caption="msg://formeJuridiqueBrowse.caption"
        focusComponent="formeJuridiquesTable">
    <data readOnly="true">
        <collection id="formeJuridiquesDc"
                    class="com.ascend.memphis.screen.FormeJuridique">
            <fetchPlan extends="_base"/>
            <loader id="formeJuridiquesDl">
                <query>
                    <![CDATA[select e from FormeJuridique e]]>
                </query>
            </loader>
        </collection>
    </data>
    <facets>
        <dataLoadCoordinator auto="true"/>
        <screenSettings id="settingsFacet" auto="true"/>
    </facets>
    <actions>
        <action id="lookupSelectAction"
                caption="msg:///actions.Select"
                icon="LOOKUP_OK"
                primary="true"
                shortcut="${COMMIT_SHORTCUT}"/>
        <action id="lookupCancelAction"
                caption="msg:///actions.Cancel"
                icon="LOOKUP_CANCEL"/>
    </actions>
    <dialogMode height="600"
                width="800"/>
    <layout expand="formeJuridiquesTable" spacing="true">
        <filter id="filter"
                dataLoader="formeJuridiquesDl">
            <properties include=".*"/>
        </filter>
        <groupTable id="formeJuridiquesTable"
                    width="100%"
                    dataContainer="formeJuridiquesDc">
            <actions>
                <action id="create" type="create"/>
                <action id="edit" type="edit"/>
                <action id="remove" type="remove"/>
            </actions>
            <columns>
                <column id="libelle"/>
                <column id="code"/>
            </columns>
            <simplePagination/>
            <buttonsPanel id="buttonsPanel"
                          alwaysVisible="true">
                <button id="createBtn" action="formeJuridiquesTable.create"/>
                <button id="editBtn" action="formeJuridiquesTable.edit"/>
                <button id="removeBtn" action="formeJuridiquesTable.remove"/>
            </buttonsPanel>
        </groupTable>
        <hbox id="lookupActions" spacing="true" visible="false">
            <button action="lookupSelectAction"/>
            <button action="lookupCancelAction"/>
        </hbox>
    </layout>
</window>
