<?xml version="1.0" encoding="UTF-8" standalone="no"?>
<window xmlns="http://jmix.io/schema/ui/window"
        xmlns:c="http://jmix.io/schema/ui/jpql-condition"
        caption="msg://roleActeurBrowse.caption"
        focusComponent="roleActeursTable">
    <data readOnly="true">
        <collection id="roleActeursDc"
                    class="com.ascend.memphis.entity.RoleActeur">
            <fetchPlan extends="_base"/>
            <loader id="roleActeursDl">
                <query>
                    <![CDATA[select e from RoleActeur e]]>
                </query>
            </loader>
        </collection>
    </data>
    <facets>
        <dataLoadCoordinator auto="true"/>
        <screenSettings id="settingsFacet" auto="true"/>
    </facets>
    <actions>
        <action id="lookupSelectAction"
                caption="msg:///actions.Select"
                icon="LOOKUP_OK"
                primary="true"
                shortcut="${COMMIT_SHORTCUT}"/>
        <action id="lookupCancelAction"
                caption="msg:///actions.Cancel"
                icon="LOOKUP_CANCEL"/>
    </actions>
    <dialogMode height="600"
                width="800"/>
    <layout expand="roleActeursTable" spacing="true">
        <filter id="filter"
                dataLoader="roleActeursDl" caption="msg://filter.caption">
            <properties include=".*"/>
        </filter>
        <groupTable id="roleActeursTable"
                    width="100%"
                    dataContainer="roleActeursDc">
            <actions>
                <action id="create" type="create"/>
                <action id="edit" type="edit"/>
                <action id="remove" type="remove"/>
            </actions>
            <columns>
                <column id="name"/>
            </columns>
            <simplePagination/>
            <buttonsPanel id="buttonsPanel"
                          alwaysVisible="true">
                <button id="createBtn" action="roleActeursTable.create" caption="msg://createBtn.caption"/>
                <button id="editBtn" action="roleActeursTable.edit" caption="msg://editBtn.caption"/>
                <button id="removeBtn" action="roleActeursTable.remove" caption="msg://removeBtn.caption"/>
            </buttonsPanel>
        </groupTable>
        <hbox id="lookupActions" spacing="true" visible="false">
            <button action="lookupSelectAction"/>
            <button action="lookupCancelAction"/>
        </hbox>
    </layout>
</window>
