<?xml version="1.0" encoding="UTF-8" standalone="no"?>
<window xmlns="http://jmix.io/schema/ui/window"
        caption="msg://roleActeurEdit.caption"
        focusComponent="form">
    <data>
        <instance id="roleActeurDc"
                  class="com.ascend.memphis.entity.RoleActeur">
            <fetchPlan extends="_base"/>
            <loader/>
        </instance>
    </data>
    <facets>
        <dataLoadCoordinator auto="true"/>
        <screenSettings id="settingsFacet" auto="true"/>
    </facets>
    <actions>
        <action id="windowCommitAndClose" caption="msg:///actions.Ok"
                icon="EDITOR_OK"
                primary="true"
                shortcut="${COMMIT_SHORTCUT}"/>
        <action id="windowClose"
                caption="msg:///actions.Close"
                icon="EDITOR_CANCEL"/>
    </actions>
    <dialogMode height="AUTO"
                width="AUTO"
                modal="true"
                forceDialog="true"/>
    <layout spacing="true" expand="editActions">
        <form id="form" dataContainer="roleActeurDc">
            <column width="500px">
                <textField id="nameField" property="name"/>
            </column>
        </form>
        <hbox id="editActions" spacing="true">
            <button id="commitAndCloseBtn" action="windowCommitAndClose" caption="msg://commitAndCloseBtn.caption"/>
            <button id="closeBtn" action="windowClose" caption="msg://closeBtn.caption"/>
        </hbox>
    </layout>
</window>
