<?xml version="1.0" encoding="UTF-8" standalone="no"?>
<window xmlns="http://jmix.io/schema/ui/window"
        xmlns:c="http://jmix.io/schema/ui/jpql-condition"
        caption="msg://projetApdBrowse.caption"
        focusComponent="projetsTable">
    <data readOnly="true">
        <collection id="projetsDc"
                    class="com.ascend.memphis.entity.Projet">
            <fetchPlan extends="_base">
                <property name="programme" fetchPlan="_base"/>
                <property name="secteurProjet" fetchPlan="_base"/>
            </fetchPlan>
            <loader id="projetsDl">
                <query>
                    <![CDATA[select e from Projet e
                    where e.statutProjet = :statutProjet
                    order by e.dateAPD asc]]>
                </query>
            </loader>
        </collection>
    </data>
    <facets>
        <dataLoadCoordinator auto="true"/>
        <screenSettings id="settingsFacet" auto="true"/>
    </facets>
    <actions>
        <action id="lookupSelectAction"
                caption="msg:///actions.Select"
                icon="LOOKUP_OK"
                primary="true"
                shortcut="${COMMIT_SHORTCUT}"/>
        <action id="lookupCancelAction"
                caption="msg:///actions.Cancel"
                icon="LOOKUP_CANCEL"/>
    </actions>
    <dialogMode height="600"
                width="800"/>
    <layout expand="projetsTable" spacing="true">
        <filter id="filter"
                dataLoader="projetsDl">
            <properties include=".*"/>
        </filter>
        <groupTable id="projetsTable"
                    width="100%"
                    dataContainer="projetsDc">
            <actions>
                <action id="edit" type="edit" caption="msg://edit.caption">
                    <properties>
                        <property name="screenId" value="ProjetApdEdit"/>
                    </properties>
                </action>
                <action id="goToAps" trackSelection="true"/>
                <action id="goToAO" trackSelection="true"/>

            </actions>
            <columns>
                <column id="dateAPD"/>
                <column id="name"/>
                <column id="programme"/>
                <column id="secteurProjet"/>
                <column id="dateAPS"/>
                <column id="montantEstime"/>
                <column id="statutProjet"/>
            </columns>
            <simplePagination/>
            <buttonsPanel id="buttonsPanel"
                          alwaysVisible="true">
                <button id="editBtn" action="projetsTable.edit"/>
                <button id="goToApsBtn" action="projetsTable.goToAps" caption="msg://goToApsBtn.caption"/>
                <button id="goToAOBtn" action="projetsTable.goToAO" caption="msg://goToAOBtn.caption"/>
            </buttonsPanel>
        </groupTable>
        <hbox id="lookupActions" spacing="true" visible="false">
            <button action="lookupSelectAction"/>
            <button action="lookupCancelAction"/>
        </hbox>
    </layout>
</window>
