<?xml version="1.0" encoding="UTF-8" standalone="no"?>
<window xmlns="http://jmix.io/schema/ui/window"
        xmlns:c="http://jmix.io/schema/ui/jpql-condition"
        caption="msg://projetIniBrowse.caption"
        focusComponent="projetsTable">
    <data readOnly="true">
        <collection id="projetsDc"
                    class="com.ascend.memphis.entity.Projet">
            <fetchPlan extends="_base">
                <property name="programme" fetchPlan="_base"/>
                <property name="secteurProjet" fetchPlan="_base"/>
            </fetchPlan>
            <loader id="projetsDl">
                <query>
                    <![CDATA[select e from Projet e
                    where e.statutProjet = :statutProjet  ]]>
                </query>
            </loader>
        </collection>
    </data>
    <facets>
        <dataLoadCoordinator auto="true"/>
        <screenSettings id="settingsFacet" auto="true"/>
    </facets>
    <actions>
        <action id="lookupSelectAction"
                caption="msg:///actions.Select"
                icon="LOOKUP_OK"
                primary="true"
                shortcut="${COMMIT_SHORTCUT}"/>
        <action id="lookupCancelAction"
                caption="msg:///actions.Cancel"
                icon="LOOKUP_CANCEL"/>
    </actions>
    <dialogMode height="600"
                width="800"/>
    <layout expand="projetsTable" spacing="true">
        <filter id="filter"
                dataLoader="projetsDl" caption="msg://filter.caption">
            <properties include=".*"/>
        </filter>
        <groupTable id="projetsTable"
                    width="100%"
                    dataContainer="projetsDc">
            <actions>
                <action id="create" type="create">
                    <properties>
                        <property name="screenId" value="Projet_ini.edit"/>
                    </properties>
                </action>
                <action id="edit" type="edit">
                    <properties>
                        <property name="screenId" value="Projet_ini.edit"/>
                    </properties>
                </action>
                <action id="remove" type="remove"/>
                <action id="goToAps" trackSelection="true" caption="msg://goToAps.caption"/>
            </actions>
            <columns>
                <column id="name" />
                <column id="programme"/>
                <column id="secteurProjet"/>
            </columns>
            <simplePagination/>
            <buttonsPanel id="buttonsPanel"
                          alwaysVisible="true" caption="msg://buttonsPanel.caption">
                <button id="createBtn" action="projetsTable.create" caption="msg://createBtn.caption"/>
                <button id="editBtn" action="projetsTable.edit" caption="msg://editBtn.caption"/>
                <button id="removeBtn" action="projetsTable.remove" caption="msg://removeBtn.caption"/>
                <button id="goToApsBtn" action="projetsTable.goToAps" caption="msg://goToAps.caption"/>
            </buttonsPanel>
        </groupTable>
        <hbox id="lookupActions" spacing="true" visible="false">
            <button action="lookupSelectAction"/>
            <button action="lookupCancelAction"/>
        </hbox>
    </layout>
</window>
