<?xml version="1.0" encoding="UTF-8"?>
<project version="4">
  <component name="JmixDataStoreSettingsManager">
    <moduleSettings>
      <entry key="com.ascend.Memphis.main">
        <ModuleSettings>
          <option name="dataStoreOptions">
            <map>
              <entry key="main">
                <value>
                  <DataStoreSettings>
                    <option name="generateDdlType" value="CREATE_AND_UPDATE" />
                    <option name="supportedTypes">
                      <option value="mysql" />
                    </option>
                  </DataStoreSettings>
                </value>
              </entry>
            </map>
          </option>
        </ModuleSettings>
      </entry>
    </moduleSettings>
  </component>
  <component name="JmixPluginProjectSettings">
    <option name="savedDbProperties">
      <list>
        <SavedDbProperties>
          <option name="databaseName" value="memphis" />
          <option name="dbType" value="hsqlfile" />
          <option name="dbmsVersion" />
          <option name="host" value=".jmix/hsqldb" />
          <option name="url" value="jdbc:hsqldb:file:.jmix/hsqldb/memphis" />
          <option name="user" value="sa" />
        </SavedDbProperties>
        <SavedDbProperties>
          <option name="databaseName" value="memphis" />
          <option name="dbType" value="mysql" />
          <option name="dbmsVersion" />
          <option name="host" value="localhost" />
          <option name="pass" value="@Lumiere001$" />
          <option name="url" value="jdbc:mysql://localhost/memphis?useSSL=false&amp;allowMultiQueries=true&amp;serverTimezone=UTC" />
          <option name="user" value="root" />
        </SavedDbProperties>
        <SavedDbProperties>
          <option name="databaseName" value="memphis" />
          <option name="dbType" value="mssql" />
          <option name="dbmsVersion" value="2012" />
          <option name="host" value="localhost" />
          <option name="pass" value="@Lumiere001$" />
          <option name="url" value="jdbc:sqlserver://localhost;databaseName=memphis;encrypt=false" />
          <option name="user" value="sa" />
        </SavedDbProperties>
      </list>
    </option>
  </component>
</project>