<?xml version="1.0" encoding="UTF-8" standalone="no"?>
<window xmlns="http://jmix.io/schema/ui/window"
        xmlns:c="http://jmix.io/schema/ui/jpql-condition"
        caption="msg://entrepriseBrowse.caption"
        focusComponent="entreprisesTable">
    <data readOnly="true">
        <collection id="entreprisesDc"
                    class="com.ascend.memphis.screen.Entreprise">
            <fetchPlan extends="_instance_name">
                <property name="dirigeant" fetchPlan="_base"/>
                <property name="representant"/>
                <property name="adresse"/>
                <property name="ville"/>
            </fetchPlan>
            <loader id="entreprisesDl">
                <query>
                    <![CDATA[select e from Entreprise e]]>
                </query>
            </loader>
        </collection>
    </data>
    <facets>
        <dataLoadCoordinator auto="true"/>
        <screenSettings id="settingsFacet" auto="true"/>
    </facets>
    <actions>
        <action id="lookupSelectAction"
                caption="msg:///actions.Select"
                icon="LOOKUP_OK"
                primary="true"
                shortcut="${COMMIT_SHORTCUT}"/>
        <action id="lookupCancelAction"
                caption="msg:///actions.Cancel"
                icon="LOOKUP_CANCEL"/>
    </actions>
    <dialogMode height="600"
                width="800"/>
    <layout expand="entreprisesTable" spacing="true">
        <filter id="filter"
                dataLoader="entreprisesDl">
            <properties include=".*"/>
        </filter>
        <groupTable id="entreprisesTable"
                    width="100%"
                    dataContainer="entreprisesDc">
            <actions>
                <action id="create" type="create"/>
                <action id="edit" type="edit"/>
                <action id="remove" type="remove"/>
            </actions>
            <columns>
                <column id="representant"/>
                <column id="adresse"/>
                <column id="ville"/>
            </columns>
            <simplePagination/>
            <buttonsPanel id="buttonsPanel"
                          alwaysVisible="true">
                <button id="createBtn" action="entreprisesTable.create"/>
                <button id="editBtn" action="entreprisesTable.edit"/>
                <button id="removeBtn" action="entreprisesTable.remove"/>
            </buttonsPanel>
        </groupTable>
        <hbox id="lookupActions" spacing="true" visible="false">
            <button action="lookupSelectAction"/>
            <button action="lookupCancelAction"/>
        </hbox>
    </layout>
</window>
