<?xml version="1.0" encoding="UTF-8" standalone="no"?>
<window xmlns="http://jmix.io/schema/ui/window"
        caption="msg://entrepriseEdit.caption"
        focusComponent="form">
    <data>
        <instance id="entrepriseDc"
                  class="com.ascend.memphis.screen.Entreprise">
            <fetchPlan extends="_base">
                <property name="dirigeant" fetchPlan="_base"/>
            </fetchPlan>
            <loader/>
            <collection id="dirigeantDc" property="dirigeant"/>
        </instance>
    </data>
    <facets>
        <dataLoadCoordinator auto="true"/>
        <screenSettings id="settingsFacet" auto="true"/>
    </facets>
    <actions>
        <action id="windowCommitAndClose" caption="msg:///actions.Ok"
                icon="EDITOR_OK"
                primary="true"
                shortcut="${COMMIT_SHORTCUT}"/>
        <action id="windowClose"
                caption="msg:///actions.Close"
                icon="EDITOR_CANCEL"/>
    </actions>
    <dialogMode height="AUTO"
                width="AUTO"
    modal="true"
    forceDialog="true"/>
    <layout spacing="true" expand="scrollBox">
        <scrollBox id="scrollBox" spacing="true">
            <form id="form" dataContainer="entrepriseDc">
                <column width="350px">
                    <textField id="raison_socialeField" property="raison_sociale"/>
                    <textField id="siegeField" property="siege"/>
                    <textField id="representantField" property="representant"/>
                    <textField id="fonctionField" property="fonction"/>
                    <textField id="adresseField" property="adresse"/>
                    <textField id="telephoneField" property="telephone"/>
                    <textField id="faxField" property="fax"/>
                </column>
                <column width="350px">
                    <textField id="domicialisationField" property="domicialisation"/>
                    <textField id="n_registre_de_commerceField" property="n_registre_de_commerce"/>
                    <textField id="compte_contribuableField" property="compte_contribuable"/>
                    <textField id="emailField" property="email"/>
                    <textField id="villeField" property="ville"/>
                </column>
            </form>
            <groupBox id="dirigeantBox" caption="msg://com.ascend.memphis.screen/Entreprise.dirigeant" width="100%">
                <table id="dirigeantTable" dataContainer="dirigeantDc" width="100%" height="AUTO">
                    <actions>
                        <action id="create" type="create"/>
                        <action id="edit" type="edit"/>
                        <action id="remove" type="remove"/>
                    </actions>
                    <columns>
                        <column id="nom_dirigeant"/>
                        <column id="telephone"/>
                        <column id="email"/>
                    </columns>
                    <buttonsPanel>
                        <button action="dirigeantTable.create"/>
                        <button action="dirigeantTable.edit"/>
                        <button action="dirigeantTable.remove"/>
                    </buttonsPanel>
                </table>
            </groupBox>
        </scrollBox>
        <hbox id="editActions" spacing="true">
            <button id="commitAndCloseBtn" action="windowCommitAndClose"/>
            <button id="closeBtn" action="windowClose"/>
        </hbox>
    </layout>
</window>
