<?xml version="1.0" encoding="UTF-8" standalone="no"?>
<window xmlns="http://jmix.io/schema/ui/window"
        caption="msg://parametreDefautEdit.caption"
        focusComponent="form">
    <data>
        <instance id="parametreDefautDc"
                  class="com.ascend.memphis.entity.ParametreDefaut">
            <fetchPlan extends="_base"/>
            <loader/>
        </instance>
    </data>
    <facets>
        <dataLoadCoordinator auto="true"/>
        <screenSettings id="settingsFacet" auto="true"/>
    </facets>
    <actions>
        <action id="windowCommitAndClose" caption="msg:///actions.Ok"
                icon="EDITOR_OK"
                primary="true"
                shortcut="${COMMIT_SHORTCUT}"/>
        <action id="windowClose"
                caption="msg:///actions.Close"
                icon="EDITOR_CANCEL"/>
    </actions>
    <dialogMode height="AUTO"
                width="AUTO"
                modal="true"
                forceDialog="true"/>
    <layout spacing="true" expand="scrollBox">
        <scrollBox id="scrollBox" spacing="true">
            <form id="form" dataContainer="parametreDefautDc">
                <column width="500px">
                    <dateField id="dateParametreField" property="dateParametre"/>
                    <textField id="codeEntrepriseField" property="codeEntreprise"/>
                    <textField id="nameField" property="name"/>
                    <textField id="nomSignataireField" property="nomSignataire"/>
                    <textField id="prenomsSignataireField" property="prenomsSignataire"/>
                    <checkBox id="isDecompteDetailField" property="isDecompteDetail"/>

                </column>
            </form>
        </scrollBox>
        <hbox id="editActions" spacing="true">
            <button id="commitAndCloseBtn" action="windowCommitAndClose"/>
            <button id="closeBtn" action="windowClose" caption="msg://closeBtn.caption"/>
        </hbox>
    </layout>
</window>
