<?xml version="1.0" encoding="UTF-8" standalone="no"?>
<window xmlns="http://jmix.io/schema/ui/window"
        xmlns:c="http://jmix.io/schema/ui/jpql-condition"
        caption="msg://parametreDefautBrowse.caption"
        focusComponent="parametreDefautsTable">
    <data readOnly="true">
        <collection id="parametreDefautsDc"
                    class="com.ascend.memphis.entity.ParametreDefaut">
            <fetchPlan extends="_base"/>
            <loader id="parametreDefautsDl">
                <query>
                    <![CDATA[select e from ParametreDefaut e
                    order by e.dateParametre desc]]>
                </query>
            </loader>
        </collection>
    </data>
    <facets>
        <dataLoadCoordinator auto="true"/>
        <screenSettings id="settingsFacet" auto="true"/>
    </facets>
    <actions>
        <action id="lookupSelectAction"
                caption="msg:///actions.Select"
                icon="LOOKUP_OK"
                primary="true"
                shortcut="${COMMIT_SHORTCUT}"/>
        <action id="lookupCancelAction"
                caption="msg:///actions.Cancel"
                icon="LOOKUP_CANCEL"/>
    </actions>
    <dialogMode height="600"
                width="800"/>
    <layout expand="parametreDefautsTable" spacing="true">
        <filter id="filter"
                dataLoader="parametreDefautsDl" caption="msg://filter.caption">
            <properties include=".*"/>
        </filter>
        <groupTable id="parametreDefautsTable"
                    width="100%"
                    dataContainer="parametreDefautsDc">
            <actions>
                <action id="create" type="create" caption="msg://create.caption"/>
                <action id="edit" type="edit" caption="msg://edit.caption"/>
                <action id="remove" type="remove" caption="msg://remove.caption"/>
            </actions>
            <columns>
                <column id="dateParametre"/>
                <column id="codeEntreprise"/>
                <column id="name"/>
                <column id="nomSignataire"/>
                <column id="prenomsSignataire"/>
                <column id="isDecompteDetail"/>
            </columns>
            <simplePagination/>
            <buttonsPanel id="buttonsPanel"
                          alwaysVisible="true">
                <button id="createBtn" action="parametreDefautsTable.create"/>
                <button id="editBtn" action="parametreDefautsTable.edit"/>
                <button id="removeBtn" action="parametreDefautsTable.remove"/>
            </buttonsPanel>
        </groupTable>
        <hbox id="lookupActions" spacing="true" visible="false">
            <button action="lookupSelectAction"/>
            <button action="lookupCancelAction"/>
        </hbox>
    </layout>
</window>
