<?xml version="1.0" encoding="UTF-8" standalone="no"?>
<window xmlns="http://jmix.io/schema/ui/window"
        xmlns:c="http://jmix.io/schema/ui/jpql-condition"
        caption="msg://statutMarcheBrowse.caption"
        focusComponent="statutMarchesTable">
    <data readOnly="true">
        <collection id="statutMarchesDc"
                    class="com.ascend.memphis.entity.StatutMarche">
            <fetchPlan extends="_base"/>
            <loader id="statutMarchesDl">
                <query>
                    <![CDATA[select e from StatutMarche e]]>
                </query>
            </loader>
        </collection>
    </data>
    <facets>
        <dataLoadCoordinator auto="true"/>
        <screenSettings id="settingsFacet" auto="true"/>
    </facets>
    <actions>
        <action id="lookupSelectAction"
                caption="msg:///actions.Select"
                icon="LOOKUP_OK"
                primary="true"
                shortcut="${COMMIT_SHORTCUT}"/>
        <action id="lookupCancelAction"
                caption="msg:///actions.Cancel"
                icon="LOOKUP_CANCEL"/>
    </actions>
    <dialogMode height="600"
                width="800"/>
    <layout expand="statutMarchesTable" spacing="true">
        <filter id="filter"
                dataLoader="statutMarchesDl">
            <properties include=".*"/>
        </filter>
        <groupTable id="statutMarchesTable"
                    width="100%"
                    dataContainer="statutMarchesDc">
            <actions>
                <action id="create" type="create"/>
                <action id="edit" type="edit"/>
                <action id="remove" type="remove"/>
            </actions>
            <columns>
                <column id="name"/>
            </columns>
            <simplePagination/>
            <buttonsPanel id="buttonsPanel"
                          alwaysVisible="true">
                <button id="createBtn" action="statutMarchesTable.create"/>
                <button id="editBtn" action="statutMarchesTable.edit"/>
                <button id="removeBtn" action="statutMarchesTable.remove"/>
            </buttonsPanel>
        </groupTable>
        <hbox id="lookupActions" spacing="true" visible="false">
            <button action="lookupSelectAction"/>
            <button action="lookupCancelAction"/>
        </hbox>
    </layout>
</window>
