<?xml version="1.0" encoding="UTF-8" standalone="no"?>
<window xmlns="http://jmix.io/schema/ui/window"
        xmlns:c="http://jmix.io/schema/ui/jpql-condition"
        caption="msg://acteurBrowse.caption"
        focusComponent="acteursTable">
    <data readOnly="true">
        <collection id="acteursDc"
                    class="com.ascend.memphis.entity.Acteur">
            <fetchPlan extends="_base"/>
            <loader id="acteursDl">
                <query>
                    <![CDATA[select e from Acteur e]]>
                </query>
            </loader>
        </collection>
    </data>
    <facets>
        <dataLoadCoordinator auto="true"/>
        <screenSettings id="settingsFacet" auto="true"/>
    </facets>
    <actions>
        <action id="lookupSelectAction"
                caption="msg:///actions.Select"
                icon="LOOKUP_OK"
                primary="true"
                shortcut="${COMMIT_SHORTCUT}"/>
        <action id="lookupCancelAction"
                caption="msg:///actions.Cancel"
                icon="LOOKUP_CANCEL"/>
    </actions>
    <dialogMode height="600"
                width="800"/>
    <layout expand="acteursTable" spacing="true">
        <filter id="filter"
                dataLoader="acteursDl" caption="msg://filter.caption">
            <properties include=".*"/>
        </filter>
        <groupTable id="acteursTable"
                    width="100%"
                    dataContainer="acteursDc">
            <actions>
                <action id="create" type="create" caption="msg://create.caption"/>
                <action id="edit" type="edit" caption="msg://edit.caption"/>
                <action id="remove" type="remove" caption="msg://remove.caption"/>
            </actions>
            <columns>
                <column id="name"/>
                <column id="representant"/>
                <column id="fonctionRepresentant"/>
                <column id="telephone"/>
            </columns>
            <simplePagination/>
            <buttonsPanel id="buttonsPanel"
                          alwaysVisible="true">
                <button id="createBtn" action="acteursTable.create"/>
                <button id="editBtn" action="acteursTable.edit"/>
                <button id="removeBtn" action="acteursTable.remove"/>
            </buttonsPanel>
        </groupTable>
        <hbox id="lookupActions" spacing="true" visible="false">
            <button action="lookupSelectAction"/>
            <button action="lookupCancelAction"/>
        </hbox>
    </layout>
</window>
