<?xml version="1.0" encoding="UTF-8" standalone="no"?>
<window xmlns="http://jmix.io/schema/ui/window"
        caption="msg://marcheEdit.caption"
        focusComponent="form">
    <data>
        <instance id="marcheDc"
                  class="com.ascend.memphis.entity.Marche">
            <fetchPlan extends="_base">
                <property name="projet" fetchPlan="_instance_name">
                    <property name="lots" fetchPlan="_base"/>
                </property>
                <property name="entreprise" fetchPlan="_base"/>
                <property name="typemarche" fetchPlan="_base"/>
                <property name="controlleur" fetchPlan="_base"/>
                <property name="lotprojet" fetchPlan="_base"/>
            </fetchPlan>
            <loader/>
        </instance>
        <collection id="typeMarchesDc" class="com.ascend.memphis.entity.TypeMarche">
            <fetchPlan extends="_base"/>
            <loader id="typeMarchesDl">
                <query>
                    <![CDATA[select e from TypeMarche e]]>
                </query>
            </loader>
        </collection>
        <collection id="entreprisesDc" class="com.ascend.memphis.screen.Entreprise">
            <fetchPlan extends="_base"/>
            <loader id="entreprisesDl">
                <query>
                    <![CDATA[select e from Entreprise e]]>
                </query>
            </loader>
        </collection>
        <collection id="projetsDc" class="com.ascend.memphis.entity.Projet">
            <fetchPlan extends="_base"/>
            <loader id="projetsDl">
                <query>
                    <![CDATA[select e from Projet e]]>
                </query>
            </loader>
        </collection>
        <collection id="lotProjetsDc" class="com.ascend.memphis.entity.LotProjet">
            <fetchPlan extends="_base"/>
            <loader id="lotProjetsDl">
                <query>
                    <![CDATA[select e from LotProjet e]]>
                </query>
            </loader>
        </collection>
    </data>
    <facets>
        <dataLoadCoordinator auto="true"/>
        <screenSettings id="settingsFacet" auto="true"/>
    </facets>
    <actions>
        <action id="windowCommitAndClose" caption="msg:///actions.Ok"
                icon="EDITOR_OK"
                primary="true"
                shortcut="${COMMIT_SHORTCUT}"/>
        <action id="windowClose"
                caption="msg:///actions.Close"
                icon="EDITOR_CANCEL"/>
    </actions>
    <dialogMode height="AUTO"
                width="AUTO"
                modal="true"
                forceDialog="true"/>
    <layout spacing="true" expand="editActions">
        <hbox spacing="true">
        <form id="form" dataContainer="marcheDc">
            <column width="300">
                <textField id="num_marcheField" property="num_marche"/>
                <textField id="num_marcheadminField" property="num_marcheadmin"/>
                <entityComboBox id="typemarcheField" property="typemarche" optionsContainer="typeMarchesDc"/>
                <textField id="objetField" property="objet" width="100%"/>
                <entityComboBox id="projetField" property="projet" optionsContainer="projetsDc"/>
                <entityComboBox id="entrepriseField" property="entreprise" optionsContainer="entreprisesDc"/>
                <entityPicker id="lotprojetField" property="lotprojet"/>
            </column>
            <column width="200">
                <entityComboBox id="controlleurField" property="controlleur" optionsContainer="entreprisesDc"/>
                <textField id="montant_travauxField" property="montant_travaux"/>
                <textField id="taux_remiseField" property="taux_remise"/>
                <textField id="montant_remiseField" property="montant_remise"/>
                <textField id="taux_moeField" property="taux_moe"/>
            </column>
            <column width="200">
                <textField id="montant_moeField" property="montant_moe"/>
                <textField id="montant_ttcField" property="montant_ttc"/>
                <textField id="montant_tvaField" property="montant_tva"/>
                <textField id="taux_tvaField" property="taux_tva" width="50"/>
            </column>
        </form>
        </hbox>

        <hbox spacing="true" width="100%" height="AUTO">

            <button caption="valorisation"/>
            <table id="lotProjetsTable" height="100px" width="200px" dataContainer="lotProjetsDc">
                <columns>
                    <column id="numLot"/>
                    <column id="name"/>
                    <column id="valeurEstimee"/>
                </columns>
            </table>
        </hbox>
        <hbox id="editActions" spacing="true">
            <button id="commitAndCloseBtn" action="windowCommitAndClose"/>
            <button id="closeBtn" action="windowClose"/>
        </hbox>
    </layout>

</window>
