<?xml version="1.0" encoding="UTF-8" standalone="no"?>
<window xmlns="http://jmix.io/schema/ui/window"
        xmlns:c="http://jmix.io/schema/ui/jpql-condition"
        caption="msg://marcheBrowse.caption"
        focusComponent="marchesTable">
    <data readOnly="true">
        <collection id="marchesDc"
                    class="com.ascend.memphis.entity.Marche">
            <fetchPlan extends="_base">
                <property name="projet" fetchPlan="_instance_name"/>
                <property name="entreprise" fetchPlan="_base"/>
                <property name="typemarche" fetchPlan="_base"/>
                <property name="controlleur" fetchPlan="_base"/>
                <property name="lotprojet" fetchPlan="_base"/>
            </fetchPlan>
            <loader id="marchesDl">
                <query>
                    <![CDATA[select e from Marche e]]>
                </query>
            </loader>
        </collection>

    </data>
    <facets>
        <dataLoadCoordinator auto="true"/>
        <screenSettings id="settingsFacet" auto="true"/>
    </facets>
    <actions>
        <action id="lookupSelectAction"
                caption="msg:///actions.Select"
                icon="LOOKUP_OK"
                primary="true"
                shortcut="${COMMIT_SHORTCUT}"/>
        <action id="lookupCancelAction"
                caption="msg:///actions.Cancel"
                icon="LOOKUP_CANCEL"/>
    </actions>
    <dialogMode height="600"
                width="800"/>
    <layout expand="marchesTable" spacing="true">
        <filter id="filter"
                dataLoader="marchesDl">
            <properties include=".*"/>
        </filter>
        <groupTable id="marchesTable"
                    width="100%"
                    dataContainer="marchesDc">
            <actions>
                <action id="create" type="create"/>
                <action id="edit" type="edit"/>
                <action id="remove" type="remove"/>
            </actions>
            <columns>
                <column id="num_marche"/>
                <column id="num_marcheadmin"/>
                <column id="objet"/>
                <column id="projet"/>
                <column id="montant_ttc"/>
                <column id="entreprise"/>
            </columns>
            <simplePagination/>
            <buttonsPanel id="buttonsPanel"
                          alwaysVisible="true">
                <button id="createBtn" action="marchesTable.create"/>
                <button id="editBtn" action="marchesTable.edit"/>
                <button id="removeBtn" action="marchesTable.remove"/>
            </buttonsPanel>
        </groupTable>
        <hbox id="lookupActions" spacing="true" visible="false">
            <button action="lookupSelectAction"/>
            <button action="lookupCancelAction"/>
        </hbox>
    </layout>
</window>
