<?xml version="1.0" encoding="UTF-8"?>
<databaseChangeLog
        xmlns="http://www.liquibase.org/xml/ns/dbchangelog"
        xmlns:xsi="http://www.w3.org/2001/XMLSchema-instance"
        xsi:schemaLocation="http://www.liquibase.org/xml/ns/dbchangelog
                      http://www.liquibase.org/xml/ns/dbchangelog/dbchangelog-4.11.xsd"
        objectQuotingStrategy="QUOTE_ONLY_RESERVED_WORDS">
    <changeSet id="1" author="Memphis">
        <createTable tableName="DIRIGEANT">
            <column name="ID" type="UUID">
                <constraints nullable="false" primaryKey="true" primaryKeyName="PK_DIRIGEANT"/>
            </column>
            <column name="ENTREPRISE" type="UUID"/>
            <column name="NOM_DIRIGEANT" type="VARCHAR(255)">
                <constraints nullable="false"/>
            </column>
            <column name="TELEPHONE" type="VARCHAR(255)">
                <constraints nullable="false"/>
            </column>
            <column name="EMAIL" type="VARCHAR(255)">
                <constraints nullable="false"/>
            </column>
        </createTable>
    </changeSet>
    <changeSet id="2" author="Memphis">
        <createIndex indexName="IDX_DIRIGEANT_ENTREPRISE" tableName="DIRIGEANT">
            <column name="ENTREPRISE"/>
        </createIndex>

        <addForeignKeyConstraint baseColumnNames="ENTREPRISE" baseTableName="DIRIGEANT"
                                 constraintName="FK_DIRIGEANT_ON_ENTREPRISE" referencedColumnNames="ID"
                                 referencedTableName="ENTREPRISE"/>
    </changeSet>
</databaseChangeLog>