<?xml version="1.0" encoding="UTF-8"?>
<databaseChangeLog
        xmlns="http://www.liquibase.org/xml/ns/dbchangelog"
        xmlns:xsi="http://www.w3.org/2001/XMLSchema-instance"
        xsi:schemaLocation="http://www.liquibase.org/xml/ns/dbchangelog
                      http://www.liquibase.org/xml/ns/dbchangelog/dbchangelog-4.11.xsd"
        objectQuotingStrategy="QUOTE_ONLY_RESERVED_WORDS">
    <changeSet id="1" author="Memphis">
        <createTable tableName="ACTEUR_PROJET_1">
            <column name="ID" type="UUID">
                <constraints nullable="false" primaryKey="true" primaryKeyName="PK_ACTEUR_PROJET_1"/>
            </column>
            <column name="PROJET_ID" type="UUID">
                <constraints nullable="false"/>
            </column>
            <column name="ACTEUR_ID" type="UUID">
                <constraints nullable="false"/>
            </column>
            <column name="ROLE_ID" type="UUID">
                <constraints nullable="false"/>
            </column>
            <column name="VERSION" type="INT">
                <constraints nullable="false"/>
            </column>
        </createTable>
    </changeSet>
    <changeSet id="2" author="Memphis">
        <createTable tableName="DETAIL_LOT">
            <column name="ID" type="UUID">
                <constraints nullable="false" primaryKey="true" primaryKeyName="PK_DETAIL_LOT"/>
            </column>
            <column name="LOT_ID" type="UUID">
                <constraints nullable="false"/>
            </column>
            <column name="NUM_ORDRE" type="INT">
                <constraints nullable="false"/>
            </column>
            <column name="CODE_TACHE" type="VARCHAR(15)">
                <constraints nullable="false"/>
            </column>
            <column name="LIBELLE" type="VARCHAR(255)">
                <constraints nullable="false"/>
            </column>
            <column name="UNITE_ID" type="UUID">
                <constraints nullable="false"/>
            </column>
            <column name="QUANTITATIF" type="DOUBLE">
                <constraints nullable="false"/>
            </column>
            <column name="PRIX_UNITAIRE" type="DECIMAL(19, 2)"/>
            <column name="MONTANT" type="DECIMAL(19, 2)"/>
            <column name="VERSION" type="INT">
                <constraints nullable="false"/>
            </column>
        </createTable>
    </changeSet>
    <changeSet id="3" author="Memphis">
        <createTable tableName="PARAMETRE_DEFAUT">
            <column name="ID" type="UUID">
                <constraints nullable="false" primaryKey="true" primaryKeyName="PK_PARAMETRE_DEFAUT"/>
            </column>
            <column name="DATE_PARAMETRE" type="DATE">
                <constraints nullable="false"/>
            </column>
            <column name="CODE_ENTREPRISE" type="VARCHAR(30)">
                <constraints nullable="false"/>
            </column>
            <column name="NAME" type="VARCHAR(255)">
                <constraints nullable="false"/>
            </column>
            <column name="NOM_SIGNATAIRE" type="VARCHAR(80)">
                <constraints nullable="false"/>
            </column>
            <column name="PRENOMS_SIGNATAIRE" type="VARCHAR(255)">
                <constraints nullable="false"/>
            </column>
            <column name="IS_DECOMPTE_DETAIL" type="BOOLEAN">
                <constraints nullable="false"/>
            </column>
            <column name="VERSION" type="INT">
                <constraints nullable="false"/>
            </column>
        </createTable>
    </changeSet>
    <changeSet id="4" author="Memphis">
        <createTable tableName="ROLE_ACTEUR">
            <column name="ID" type="UUID">
                <constraints nullable="false" primaryKey="true" primaryKeyName="PK_ROLE_ACTEUR"/>
            </column>
            <column name="NAME" type="VARCHAR(80)">
                <constraints nullable="false"/>
            </column>
            <column name="VERSION" type="INT">
                <constraints nullable="false"/>
            </column>
        </createTable>
    </changeSet>
    <changeSet id="5" author="Memphis">
        <addColumn tableName="PROJET">
            <column name="DATE_APD" type="DATE"/>
            <column name="FICHIER_APD" type="VARCHAR(1024)"/>
        </addColumn>
    </changeSet>
    <changeSet id="6" author="Memphis">
        <addColumn tableName="PROJET">
            <column name="STATUT_PROJET" type="INT"/>
        </addColumn>

        <addNotNullConstraint columnDataType="INT" columnName="STATUT_PROJET" tableName="PROJET"/>
    </changeSet>
    <changeSet id="7" author="Memphis">
        <addColumn tableName="LOT_PROJET">
            <column name="VALEUR_ESTIMEE" type="DECIMAL(19)"/>
        </addColumn>
    </changeSet>
    <changeSet id="8" author="Memphis">
        <createIndex indexName="IDX_ACTEUR_PROJET_1_ACTEUR" tableName="ACTEUR_PROJET_1">
            <column name="ACTEUR_ID"/>
        </createIndex>

        <addForeignKeyConstraint baseColumnNames="ACTEUR_ID" baseTableName="ACTEUR_PROJET_1"
                                 constraintName="FK_ACTEUR_PROJET_1_ON_ACTEUR" referencedColumnNames="ID"
                                 referencedTableName="ACTEUR_PROJET"/>
    </changeSet>
    <changeSet id="9" author="Memphis">
        <createIndex indexName="IDX_ACTEUR_PROJET_1_PROJET" tableName="ACTEUR_PROJET_1">
            <column name="PROJET_ID"/>
        </createIndex>

        <addForeignKeyConstraint baseColumnNames="PROJET_ID" baseTableName="ACTEUR_PROJET_1"
                                 constraintName="FK_ACTEUR_PROJET_1_ON_PROJET" referencedColumnNames="ID"
                                 referencedTableName="PROJET"/>
    </changeSet>
    <changeSet id="10" author="Memphis">
        <createIndex indexName="IDX_ACTEUR_PROJET_1_ROLE" tableName="ACTEUR_PROJET_1">
            <column name="ROLE_ID"/>
        </createIndex>

        <addForeignKeyConstraint baseColumnNames="ROLE_ID" baseTableName="ACTEUR_PROJET_1"
                                 constraintName="FK_ACTEUR_PROJET_1_ON_ROLE" referencedColumnNames="ID"
                                 referencedTableName="ROLE_ACTEUR"/>
    </changeSet>
    <changeSet id="11" author="Memphis">
        <createIndex indexName="IDX_ACTEUR_PROJET_UNQ" tableName="ACTEUR_PROJET_1" unique="true">
            <column name="PROJET_ID"/>
            <column name="ACTEUR_ID"/>
            <column name="ROLE_ID"/>
        </createIndex>
    </changeSet>
    <changeSet id="12" author="Memphis">
        <createIndex indexName="IDX_DETAIL_LOT_LOT" tableName="DETAIL_LOT">
            <column name="LOT_ID"/>
        </createIndex>

        <addForeignKeyConstraint baseColumnNames="LOT_ID" baseTableName="DETAIL_LOT"
                                 constraintName="FK_DETAIL_LOT_ON_LOT" referencedColumnNames="ID"
                                 referencedTableName="LOT_PROJET"/>
    </changeSet>
    <changeSet id="13" author="Memphis">
        <createIndex indexName="IDX_DETAIL_LOT_UNITE" tableName="DETAIL_LOT">
            <column name="UNITE_ID"/>
        </createIndex>

        <addForeignKeyConstraint baseColumnNames="UNITE_ID" baseTableName="DETAIL_LOT"
                                 constraintName="FK_DETAIL_LOT_ON_UNITE" referencedColumnNames="ID"
                                 referencedTableName="UNITE_OEUVRE"/>
    </changeSet>
    <changeSet id="14" author="Memphis">
        <createIndex indexName="IDX_PARAMETRE_DEFAUT_UNQ" tableName="PARAMETRE_DEFAUT" unique="true">
            <column name="DATE_PARAMETRE"/>
        </createIndex>
    </changeSet>
    <changeSet id="15" author="Memphis">
        <createIndex indexName="IDX_ROLE_ACTEUR_UNQ" tableName="ROLE_ACTEUR" unique="true">
            <column name="NAME"/>
        </createIndex>
    </changeSet>
    <changeSet id="16" author="Memphis">
        <createIndex indexName="IDX_TYPE_REALISATION_UNQ" tableName="TYPE_REALISATION" unique="true">
            <column name="NAME"/>
            <column name="SECTEUR_PROJET_ID"/>
        </createIndex>
    </changeSet>
    <changeSet id="17" author="Memphis">
        <dropForeignKeyConstraint baseTableName="acteur_projet" constraintName="FK_ACTEUR_PROJET_ON_PROJET"/>
    </changeSet>
    <changeSet id="18" author="Memphis">
        <dropColumn columnName="PROJET_ID" tableName="acteur_projet"/>
    </changeSet>
</databaseChangeLog>