<?xml version="1.0" encoding="UTF-8"?>
<databaseChangeLog
        xmlns="http://www.liquibase.org/xml/ns/dbchangelog"
        xmlns:xsi="http://www.w3.org/2001/XMLSchema-instance"
        xsi:schemaLocation="http://www.liquibase.org/xml/ns/dbchangelog
                      http://www.liquibase.org/xml/ns/dbchangelog/dbchangelog-4.11.xsd"
        objectQuotingStrategy="QUOTE_ONLY_RESERVED_WORDS">
    <changeSet id="1" author="Memphis">
        <addColumn tableName="ENTREPRISE">
            <column name="COMPTE_CONTRIBUABLE" type="VARCHAR(255)"/>
        </addColumn>

        <addNotNullConstraint columnDataType="VARCHAR(255)" columnName="COMPTE_CONTRIBUABLE" defaultNullValue="''"
                              tableName="ENTREPRISE"/>
    </changeSet>
    <changeSet id="2" author="Memphis">
        <addColumn tableName="ENTREPRISE">
            <column name="DEPARTEMENT" type="UUID"/>
        </addColumn>

        <addNotNullConstraint columnDataType="UUID" columnName="DEPARTEMENT" tableName="ENTREPRISE"/>
    </changeSet>
    <changeSet id="3" author="Memphis">
        <addColumn tableName="ENTREPRISE">
            <column name="DOMICIALISATION" type="VARCHAR(255)"/>
        </addColumn>

        <addNotNullConstraint columnDataType="VARCHAR(255)" columnName="DOMICIALISATION" defaultNullValue="''"
                              tableName="ENTREPRISE"/>
    </changeSet>
    <changeSet id="4" author="Memphis">
        <addColumn tableName="ENTREPRISE">
            <column name="EMAIL" type="VARCHAR(255)"/>
        </addColumn>

        <addNotNullConstraint columnDataType="VARCHAR(255)" columnName="EMAIL" defaultNullValue="''"
                              tableName="ENTREPRISE"/>
    </changeSet>
    <changeSet id="5" author="Memphis">
        <addColumn tableName="ENTREPRISE">
            <column name="N_REGISTRE_DE_COMMERCE" type="VARCHAR(255)"/>
        </addColumn>

        <addNotNullConstraint columnDataType="VARCHAR(255)" columnName="N_REGISTRE_DE_COMMERCE" defaultNullValue="''"
                              tableName="ENTREPRISE"/>
    </changeSet>
    <changeSet id="6" author="Memphis">
        <addColumn tableName="ENTREPRISE">
            <column name="PAYS" type="UUID"/>
        </addColumn>

        <addNotNullConstraint columnDataType="UUID" columnName="PAYS" tableName="ENTREPRISE"/>
    </changeSet>
    <changeSet id="7" author="Memphis">
        <addColumn tableName="ENTREPRISE">
            <column name="SIEGE" type="VARCHAR(255)"/>
        </addColumn>

        <addNotNullConstraint columnDataType="VARCHAR(255)" columnName="SIEGE" defaultNullValue="''"
                              tableName="ENTREPRISE"/>
    </changeSet>
    <changeSet id="8" author="Memphis">
        <addColumn tableName="ENTREPRISE">
            <column name="VILLE" type="VARCHAR(255)"/>
        </addColumn>

        <addNotNullConstraint columnDataType="VARCHAR(255)" columnName="VILLE" defaultNullValue="''"
                              tableName="ENTREPRISE"/>
    </changeSet>
    <changeSet id="9" author="Memphis">
        <createIndex indexName="IDX_ENTREPRISE_DEPARTEMENT" tableName="ENTREPRISE">
            <column name="DEPARTEMENT"/>
        </createIndex>

        <addForeignKeyConstraint baseColumnNames="DEPARTEMENT" baseTableName="ENTREPRISE"
                                 constraintName="FK_ENTREPRISE_ON_DEPARTEMENT" referencedColumnNames="ID"
                                 referencedTableName="DEPARTEMENT"/>
    </changeSet>
    <changeSet id="10" author="Memphis">
        <createIndex indexName="IDX_ENTREPRISE_PAYS" tableName="ENTREPRISE">
            <column name="PAYS"/>
        </createIndex>

        <addForeignKeyConstraint baseColumnNames="PAYS" baseTableName="ENTREPRISE"
                                 constraintName="FK_ENTREPRISE_ON_PAYS" referencedColumnNames="ID"
                                 referencedTableName="PAYS"/>
    </changeSet>
</databaseChangeLog>