<?xml version="1.0" encoding="UTF-8"?>
<databaseChangeLog
        xmlns="http://www.liquibase.org/xml/ns/dbchangelog"
        xmlns:xsi="http://www.w3.org/2001/XMLSchema-instance"
        xsi:schemaLocation="http://www.liquibase.org/xml/ns/dbchangelog
                      http://www.liquibase.org/xml/ns/dbchangelog/dbchangelog-4.11.xsd"
        objectQuotingStrategy="QUOTE_ONLY_RESERVED_WORDS">
    <changeSet id="1" author="Memphis">
        <createTable tableName="ENTREPRISE">
            <column name="ID" type="UUID">
                <constraints nullable="false" primaryKey="true" primaryKeyName="PK_ENTREPRISE"/>
            </column>
            <column name="RAISON_SOCIALE" type="VARCHAR(255)">
                <constraints nullable="false"/>
            </column>
            <column name="NATURE_ENTREPRISE" type="UUID">
                <constraints nullable="false"/>
            </column>
            <column name="REPRESENTANT" type="VARCHAR(255)">
                <constraints nullable="false"/>
            </column>
            <column name="FONCTION" type="VARCHAR(255)"/>
            <column name="ADRESSE" type="VARCHAR(255)">
                <constraints nullable="false"/>
            </column>
            <column name="TELEPHONE" type="VARCHAR(255)">
                <constraints nullable="false"/>
            </column>
            <column name="FAX" type="VARCHAR(255)">
                <constraints nullable="false"/>
            </column>
        </createTable>
    </changeSet>
    <changeSet id="2" author="Memphis">
        <createTable tableName="FORME_JURIDIQUE">
            <column name="ID" type="UUID">
                <constraints nullable="false" primaryKey="true" primaryKeyName="PK_FORME_JURIDIQUE"/>
            </column>
            <column name="CODE" type="VARCHAR(255)">
                <constraints nullable="false"/>
            </column>
            <column name="LIBELLE" type="VARCHAR(255)">
                <constraints nullable="false"/>
            </column>
        </createTable>
    </changeSet>
    <changeSet id="3" author="Memphis">
        <createTable tableName="NATURE">
            <column name="ID" type="UUID">
                <constraints nullable="false" primaryKey="true" primaryKeyName="PK_NATURE"/>
            </column>
            <column name="NAME" type="VARCHAR(255)">
                <constraints nullable="false"/>
            </column>
        </createTable>
    </changeSet>
    <changeSet id="4" author="Memphis">
        <createIndex indexName="IDX_ENTREPRISE_NATUREENTREPRIS" tableName="ENTREPRISE">
            <column name="NATURE_ENTREPRISE"/>
        </createIndex>

        <addForeignKeyConstraint baseColumnNames="NATURE_ENTREPRISE" baseTableName="ENTREPRISE"
                                 constraintName="FK_ENTREPRISE_ON_NATUREENTREPR" referencedColumnNames="ID"
                                 referencedTableName="NATURE"/>
    </changeSet>
</databaseChangeLog>