<?xml version="1.0" encoding="UTF-8"?>
<databaseChangeLog
        xmlns="http://www.liquibase.org/xml/ns/dbchangelog"
        xmlns:xsi="http://www.w3.org/2001/XMLSchema-instance"
        xsi:schemaLocation="http://www.liquibase.org/xml/ns/dbchangelog
                      http://www.liquibase.org/xml/ns/dbchangelog/dbchangelog-4.11.xsd"
        objectQuotingStrategy="QUOTE_ONLY_RESERVED_WORDS">
    <changeSet id="1" author="Memphis">
        <createTable tableName="MARCHE">
            <column name="ID" type="UUID">
                <constraints nullable="false" primaryKey="true" primaryKeyName="PK_MARCHE"/>
            </column>
            <column name="NUM_MARCHE" type="VARCHAR(255)">
                <constraints nullable="false"/>
            </column>
            <column name="NUM_MARCHEADMIN" type="VARCHAR(255)">
                <constraints nullable="false"/>
            </column>
            <column name="OBJET" type="VARCHAR(255)">
                <constraints nullable="false"/>
            </column>
            <column name="LIGNE_BUDGETAIRE" type="VARCHAR(255)">
                <constraints nullable="false"/>
            </column>
            <column name="MONTANT_MARCHE" type="DECIMAL(19, 2)">
                <constraints nullable="false"/>
            </column>
            <column name="MONTANT NET TRAVAUX" type="DECIMAL(19, 2)">
                <constraints nullable="false"/>
            </column>
            <column name="DATE_DEMARRAGE" type="DATE">
                <constraints nullable="false"/>
            </column>
            <column name="ENTREPRISE_ID" type="UUID">
                <constraints nullable="false"/>
            </column>
            <column name="MONTANT_AVANCE_DEM" type="DECIMAL(19)">
                <constraints nullable="false"/>
            </column>
            <column name="TAUX_AVANCE_DEMARRAGE" type="DOUBLE">
                <constraints nullable="false"/>
            </column>
            <column name="TAUX_TVA" type="DOUBLE">
                <constraints nullable="false"/>
            </column>
            <column name="MONTANT_TVA" type="DECIMAL(19)">
                <constraints nullable="false"/>
            </column>
            <column name="CAUTIONNEMENT" type="DECIMAL(19, 2)"/>
            <column name="TAUX_CAUTION" type="DOUBLE">
                <constraints nullable="false"/>
            </column>
            <column name="TAUX_GARANTIE" type="DOUBLE">
                <constraints nullable="false"/>
            </column>
            <column name="MONTANT_GARANTIE" type="DOUBLE">
                <constraints nullable="false"/>
            </column>
            <column name="MONTANT_TTC" type="DECIMAL(19)">
                <constraints nullable="false"/>
            </column>
        </createTable>
    </changeSet>
    <changeSet id="2" author="Memphis">
        <createTable tableName="TYPE_MARCHE">
            <column name="ID" type="UUID">
                <constraints nullable="false" primaryKey="true" primaryKeyName="PK_TYPE_MARCHE"/>
            </column>
            <column name="LIBELLE" type="VARCHAR(255)">
                <constraints nullable="false"/>
            </column>
        </createTable>
    </changeSet>
    <changeSet id="3" author="Memphis">
        <createIndex indexName="IDX_MARCHE_ENTREPRISE" tableName="MARCHE">
            <column name="ENTREPRISE_ID"/>
        </createIndex>

        <addForeignKeyConstraint baseColumnNames="ENTREPRISE_ID" baseTableName="MARCHE"
                                 constraintName="FK_MARCHE_ON_ENTREPRISE" referencedColumnNames="ID"
                                 referencedTableName="ENTREPRISE"/>
    </changeSet>
</databaseChangeLog>