<?xml version="1.0" encoding="UTF-8"?>
<databaseChangeLog
        xmlns="http://www.liquibase.org/xml/ns/dbchangelog"
        xmlns:xsi="http://www.w3.org/2001/XMLSchema-instance"
        xsi:schemaLocation="http://www.liquibase.org/xml/ns/dbchangelog
                      http://www.liquibase.org/xml/ns/dbchangelog/dbchangelog-4.11.xsd"
        objectQuotingStrategy="QUOTE_ONLY_RESERVED_WORDS">
    <changeSet id="1" author="Memphis">
        <createTable tableName="MODE_PAIEMENT_MARCHE">
            <column name="ID" type="UUID">
                <constraints nullable="false" primaryKey="true" primaryKeyName="PK_MODE_PAIEMENT_MARCHE"/>
            </column>
            <column name="MARCHE_ID" type="UUID"/>
            <column name="VERSION" type="INT">
                <constraints nullable="false"/>
            </column>
        </createTable>
    </changeSet>
    <changeSet id="2" author="Memphis">
        <createIndex indexName="IDX_MODEPAIEMENTMARCHE_MARCHE" tableName="MODE_PAIEMENT_MARCHE">
            <column name="MARCHE_ID"/>
        </createIndex>

        <addForeignKeyConstraint baseColumnNames="MARCHE_ID" baseTableName="MODE_PAIEMENT_MARCHE"
                                 constraintName="FK_MODEPAIEMENTMARCH_ON_MARCHE" referencedColumnNames="ID"
                                 referencedTableName="MARCHE"/>
    </changeSet>
    <changeSet id="3" author="Memphis">
        <modifyDataType columnName="MONTANT_GARANTIE" newDataType="DECIMAL(19)" tableName="MARCHE"/>
    </changeSet>
    <changeSet id="4" author="Memphis">
        <dropNotNullConstraint columnDataType="decimal(19)" columnName="MONTANT_GARANTIE" tableName="MARCHE"/>
    </changeSet>
    <changeSet id="5" author="Memphis">
        <modifyDataType columnName="MONTANT_TTC" newDataType="DECIMAL(19)" tableName="MARCHE"/>
    </changeSet>
    <changeSet id="6" author="Memphis">
        <dropNotNullConstraint columnDataType="decimal(19)" columnName="MONTANT_TTC" tableName="MARCHE"/>
    </changeSet>
</databaseChangeLog>