<?xml version="1.0" encoding="UTF-8"?>
<databaseChangeLog
        xmlns="http://www.liquibase.org/xml/ns/dbchangelog"
        xmlns:xsi="http://www.w3.org/2001/XMLSchema-instance"
        xsi:schemaLocation="http://www.liquibase.org/xml/ns/dbchangelog
                      http://www.liquibase.org/xml/ns/dbchangelog/dbchangelog-4.11.xsd"
        objectQuotingStrategy="QUOTE_ONLY_RESERVED_WORDS">
    <changeSet id="1" author="Memphis">
        <dropColumn columnName="MONTANT_GARANTIE" tableName="MARCHE"/>
    </changeSet>
    <changeSet id="2" author="Memphis">
        <addColumn tableName="MARCHE">
            <column name="MONTANT_GARANTIE" type="DECIMAL(19)">
                <constraints nullable="false" validateNullable="true"/>
            </column>
        </addColumn>
    </changeSet>
</databaseChangeLog>