<?xml version="1.0" encoding="UTF-8"?>
<databaseChangeLog
        xmlns="http://www.liquibase.org/xml/ns/dbchangelog"
        xmlns:xsi="http://www.w3.org/2001/XMLSchema-instance"
        xsi:schemaLocation="http://www.liquibase.org/xml/ns/dbchangelog
                      http://www.liquibase.org/xml/ns/dbchangelog/dbchangelog-4.11.xsd"
        objectQuotingStrategy="QUOTE_ONLY_RESERVED_WORDS">
    <changeSet id="1" author="Memphis">
        <createTable tableName="MARCHE">
            <column name="ID" type="UUID">
                <constraints nullable="false" primaryKey="true" primaryKeyName="PK_MARCHE"/>
            </column>
            <column name="PROJET_ID" type="UUID">
                <constraints nullable="false"/>
            </column>
            <column name="NUMERO_MARCHE" type="VARCHAR(255)">
                <constraints nullable="false"/>
            </column>
            <column name="TYPE_MARCHE_ID" type="UUID">
                <constraints nullable="false"/>
            </column>
            <column name="OBJET" type="VARCHAR(255)">
                <constraints nullable="false"/>
            </column>
            <column name="LIGNE_BUDGETAIRE" type="VARCHAR(255)">
                <constraints nullable="false"/>
            </column>
            <column name="MONTANT_MARCHE" type="DECIMAL(19, 2)"/>
            <column name="MONTANT TRAVAUX" type="DECIMAL(19, 2)"/>
            <column name="DATE DE DEMARRAGE" type="DATE"/>
            <column name="ENTREPRISE_ID" type="UUID">
                <constraints nullable="false"/>
            </column>
            <column name="CONTROLLEUR_ID" type="UUID">
                <constraints nullable="false"/>
            </column>
            <column name="TAUX_AVANCE_DEMARRAGE" type="DOUBLE">
                <constraints nullable="false"/>
            </column>
            <column name="MONTANT_AVANCE_DEMARRAGE" type="DECIMAL(19, 2)">
                <constraints nullable="false"/>
            </column>
            <column name="CAUTIONNEMENT" type="DECIMAL(19, 2)">
                <constraints nullable="false"/>
            </column>
            <column name="TAUX_GARANTIE" type="DECIMAL(19, 2)">
                <constraints nullable="false"/>
            </column>
            <column name="MONTANT_GARANTIE" type="DECIMAL(19, 2)">
                <constraints nullable="false"/>
            </column>
            <column name="TAUX_INDICE" type="DOUBLE">
                <constraints nullable="false"/>
            </column>
            <column name="TAUX_PLANCHER" type="DOUBLE"/>
            <column name="TAUX_PLAFOND" type="DOUBLE">
                <constraints nullable="false"/>
            </column>
            <column name="TAUX_PART_BAILLEUR" type="DOUBLE">
                <constraints nullable="false"/>
            </column>
            <column name="TAUX_PART_ETAT" type="DOUBLE">
                <constraints nullable="false"/>
            </column>
            <column name="MONTANT_PART_BAILLEUR" type="DECIMAL(19, 2)">
                <constraints nullable="false"/>
            </column>
            <column name="MONTANT_PART_ETAT" type="DECIMAL(19, 2)">
                <constraints nullable="false"/>
            </column>
            <column name="TVA_BAILLEUR" type="DECIMAL(19, 2)">
                <constraints nullable="false"/>
            </column>
            <column name="TAUXTVA" type="DOUBLE">
                <constraints nullable="false"/>
            </column>
            <column name="MONTANT_TVA" type="DECIMAL(19, 2)">
                <constraints nullable="false"/>
            </column>
            <column name="MONTANT TTC" type="DECIMAL(19, 2)"/>
            <column name="TAUX_MOE" type="DOUBLE">
                <constraints nullable="false"/>
            </column>
            <column name="MONTANT_MOE" type="DECIMAL(19, 2)"/>
            <column name="TAUX_REMISE" type="DOUBLE">
                <constraints nullable="false"/>
            </column>
            <column name="MONTANT_REMISE" type="DECIMAL(19, 2)">
                <constraints nullable="false"/>
            </column>
            <column name="VERSION" type="INT">
                <constraints nullable="false"/>
            </column>
        </createTable>
    </changeSet>
    <changeSet id="2" author="Memphis">
        <createIndex indexName="IDX_MARCHE_CONTROLLEUR" tableName="MARCHE">
            <column name="CONTROLLEUR_ID"/>
        </createIndex>

        <addForeignKeyConstraint baseColumnNames="CONTROLLEUR_ID" baseTableName="MARCHE"
                                 constraintName="FK_MARCHE_ON_CONTROLLEUR" referencedColumnNames="ID"
                                 referencedTableName="ENTREPRISE"/>
    </changeSet>
    <changeSet id="3" author="Memphis">
        <createIndex indexName="IDX_MARCHE_ENTREPRISE" tableName="MARCHE">
            <column name="ENTREPRISE_ID"/>
        </createIndex>

        <addForeignKeyConstraint baseColumnNames="ENTREPRISE_ID" baseTableName="MARCHE"
                                 constraintName="FK_MARCHE_ON_ENTREPRISE" referencedColumnNames="ID"
                                 referencedTableName="ENTREPRISE"/>
    </changeSet>
    <changeSet id="4" author="Memphis">
        <createIndex indexName="IDX_MARCHE_PROJET" tableName="MARCHE">
            <column name="PROJET_ID"/>
        </createIndex>

        <addForeignKeyConstraint baseColumnNames="PROJET_ID" baseTableName="MARCHE" constraintName="FK_MARCHE_ON_PROJET"
                                 referencedColumnNames="ID" referencedTableName="PROJET"/>
    </changeSet>
    <changeSet id="5" author="Memphis">
        <createIndex indexName="IDX_MARCHE_TYPE_MARCHE" tableName="MARCHE">
            <column name="TYPE_MARCHE_ID"/>
        </createIndex>

        <addForeignKeyConstraint baseColumnNames="TYPE_MARCHE_ID" baseTableName="MARCHE"
                                 constraintName="FK_MARCHE_ON_TYPE_MARCHE" referencedColumnNames="ID"
                                 referencedTableName="TYPE_MARCHE"/>
    </changeSet>
</databaseChangeLog>