<?xml version="1.0" encoding="UTF-8"?>
<databaseChangeLog
        xmlns="http://www.liquibase.org/xml/ns/dbchangelog"
        xmlns:xsi="http://www.w3.org/2001/XMLSchema-instance"
        xsi:schemaLocation="http://www.liquibase.org/xml/ns/dbchangelog
                      http://www.liquibase.org/xml/ns/dbchangelog/dbchangelog-4.11.xsd"
        objectQuotingStrategy="QUOTE_ONLY_RESERVED_WORDS">
    <changeSet id="1" author="Memphis">
        <addColumn tableName="MARCHE">
            <column name="COMMENTAIRE" type="CLOB"/>
        </addColumn>

        <addNotNullConstraint columnDataType="CLOB" columnName="COMMENTAIRE" defaultNullValue="''" tableName="MARCHE"/>
    </changeSet>
    <changeSet id="2" author="Memphis">
        <addColumn tableName="MARCHE">
            <column name="DATE_NOTIFICATION" type="VARCHAR(255)"/>
        </addColumn>

        <addNotNullConstraint columnDataType="VARCHAR(255)" columnName="DATE_NOTIFICATION" defaultNullValue="''"
                              tableName="MARCHE"/>
    </changeSet>
    <changeSet id="3" author="Memphis">
        <addColumn tableName="MARCHE">
            <column name="DATE_SIGNATURE" type="DATE"/>
        </addColumn>

        <addNotNullConstraint columnDataType="DATE" columnName="DATE_SIGNATURE" defaultNullValue="current_date"
                              tableName="MARCHE"/>
    </changeSet>
    <changeSet id="4" author="Memphis">
        <addColumn tableName="MARCHE">
            <column name="DELAI" type="INT"/>
        </addColumn>

        <addNotNullConstraint columnDataType="INT" columnName="DELAI" defaultNullValue="0" tableName="MARCHE"/>
    </changeSet>
</databaseChangeLog>