<?xml version="1.0" encoding="UTF-8"?>
<databaseChangeLog
        xmlns="http://www.liquibase.org/xml/ns/dbchangelog"
        xmlns:xsi="http://www.w3.org/2001/XMLSchema-instance"
        xsi:schemaLocation="http://www.liquibase.org/xml/ns/dbchangelog
                      http://www.liquibase.org/xml/ns/dbchangelog/dbchangelog-4.11.xsd"
        objectQuotingStrategy="QUOTE_ONLY_RESERVED_WORDS">
    <changeSet id="1" author="Memphis">
        <dropForeignKeyConstraint baseTableName="marche" constraintName="FK_MARCHE_ON_CONTROLLEUR"/>
    </changeSet>
    <changeSet id="2" author="Memphis">
        <dropForeignKeyConstraint baseTableName="marche" constraintName="FK_MARCHE_ON_ENTREPRISE"/>
    </changeSet>
    <changeSet id="3" author="Memphis">
        <dropColumn columnName="CONTROLLEUR_ID" tableName="marche"/>

        <dropColumn columnName="ENTREPRISE_ID" tableName="marche"/>

        <dropColumn columnName="NUMERO_MARCHE" tableName="marche"/>
    </changeSet>
</databaseChangeLog>