<?xml version="1.0" encoding="UTF-8"?>
<databaseChangeLog
        xmlns="http://www.liquibase.org/xml/ns/dbchangelog"
        xmlns:xsi="http://www.w3.org/2001/XMLSchema-instance"
        xsi:schemaLocation="http://www.liquibase.org/xml/ns/dbchangelog
                      http://www.liquibase.org/xml/ns/dbchangelog/dbchangelog-4.11.xsd"
        objectQuotingStrategy="QUOTE_ONLY_RESERVED_WORDS">
    <changeSet id="1" author="Memphis">
        <addColumn tableName="MARCHE">
            <column name="NUM_MARCHE" type="VARCHAR(255)"/>
        </addColumn>

        <addNotNullConstraint columnDataType="VARCHAR(255)" columnName="NUM_MARCHE" defaultNullValue="''"
                              tableName="MARCHE"/>
    </changeSet>
    <changeSet id="2" author="Memphis">
        <addColumn tableName="MARCHE">
            <column name="NUM_MARCHEADMIN" type="VARCHAR(255)"/>
        </addColumn>

        <addNotNullConstraint columnDataType="VARCHAR(255)" columnName="NUM_MARCHEADMIN" defaultNullValue="''"
                              tableName="MARCHE"/>
    </changeSet>
    <changeSet id="3" author="Memphis">
        <dropForeignKeyConstraint baseTableName="marche" constraintName="FK_MARCHE_ON_TYPE_MARCHE"/>
    </changeSet>
    <changeSet id="4" author="Memphis">
        <dropColumn columnName="CAUTIONNEMENT" tableName="marche"/>

        <dropColumn columnName="LIGNE_BUDGETAIRE" tableName="marche"/>

        <dropColumn columnName="MONTANT_AVANCE_DEMARRAGE" tableName="marche"/>

        <dropColumn columnName="MONTANT_GARANTIE" tableName="marche"/>

        <dropColumn columnName="MONTANT_MARCHE" tableName="marche"/>

        <dropColumn columnName="MONTANT_MOE" tableName="marche"/>

        <dropColumn columnName="MONTANT_PART_BAILLEUR" tableName="marche"/>

        <dropColumn columnName="MONTANT_PART_ETAT" tableName="marche"/>

        <dropColumn columnName="MONTANT_REMISE" tableName="marche"/>

        <dropColumn columnName="MONTANT_TVA" tableName="marche"/>

        <dropColumn columnName="TAUXTVA" tableName="marche"/>

        <dropColumn columnName="TAUX_AVANCE_DEMARRAGE" tableName="marche"/>

        <dropColumn columnName="TAUX_GARANTIE" tableName="marche"/>

        <dropColumn columnName="TAUX_INDICE" tableName="marche"/>

        <dropColumn columnName="TAUX_MOE" tableName="marche"/>

        <dropColumn columnName="TAUX_PART_BAILLEUR" tableName="marche"/>

        <dropColumn columnName="TAUX_PART_ETAT" tableName="marche"/>

        <dropColumn columnName="TAUX_PLAFOND" tableName="marche"/>

        <dropColumn columnName="TAUX_PLANCHER" tableName="marche"/>

        <dropColumn columnName="TAUX_REMISE" tableName="marche"/>

        <dropColumn columnName="TVA_BAILLEUR" tableName="marche"/>

        <dropColumn columnName="TYPE_MARCHE_ID" tableName="marche"/>
    </changeSet>
</databaseChangeLog>