<?xml version="1.0" encoding="UTF-8"?>
<databaseChangeLog
        xmlns="http://www.liquibase.org/xml/ns/dbchangelog"
        xmlns:xsi="http://www.w3.org/2001/XMLSchema-instance"
        xsi:schemaLocation="http://www.liquibase.org/xml/ns/dbchangelog
                      http://www.liquibase.org/xml/ns/dbchangelog/dbchangelog-4.11.xsd"
        objectQuotingStrategy="QUOTE_ONLY_RESERVED_WORDS">
    <changeSet id="1" author="Memphis">
        <addColumn tableName="MARCHE">
            <column name="LOTPROJET_ID" type="UUID"/>
        </addColumn>
    </changeSet>
    <changeSet id="2" author="Memphis">
        <createIndex indexName="IDX_MARCHE_LOTPROJET" tableName="MARCHE">
            <column name="LOTPROJET_ID"/>
        </createIndex>

        <addForeignKeyConstraint baseColumnNames="LOTPROJET_ID" baseTableName="MARCHE"
                                 constraintName="FK_MARCHE_ON_LOTPROJET" referencedColumnNames="ID"
                                 referencedTableName="PROJET"/>
    </changeSet>
</databaseChangeLog>