<?xml version="1.0" encoding="UTF-8"?>
<databaseChangeLog
        xmlns="http://www.liquibase.org/xml/ns/dbchangelog"
        xmlns:xsi="http://www.w3.org/2001/XMLSchema-instance"
        xsi:schemaLocation="http://www.liquibase.org/xml/ns/dbchangelog
                      http://www.liquibase.org/xml/ns/dbchangelog/dbchangelog-4.11.xsd"
        objectQuotingStrategy="QUOTE_ONLY_RESERVED_WORDS">
    <changeSet id="1" author="Memphis">
        <addColumn tableName="MARCHE">
            <column name="MONTANT_MOE" type="DECIMAL(19)"/>
            <column name="MONTANT_REMISE" type="DECIMAL(19)"/>
            <column name="MONTANT_TTC" type="DECIMAL(19)"/>
            <column name="TAUX_MOE" type="DOUBLE"/>
            <column name="TAUX_REMISE" type="DOUBLE"/>
        </addColumn>
    </changeSet>
    <changeSet id="2" author="Memphis">
        <addColumn tableName="MARCHE">
            <column name="MONTANT_TRAVAUX" type="DECIMAL(19)"/>
        </addColumn>

        <addNotNullConstraint columnDataType="DECIMAL(19)" columnName="MONTANT_TRAVAUX" defaultNullValue="0"
                              tableName="MARCHE"/>
    </changeSet>
    <changeSet id="3" author="Memphis">
        <addColumn tableName="MARCHE">
            <column name="MONTANT_TVA" type="VARCHAR(255)"/>
        </addColumn>

        <addNotNullConstraint columnDataType="VARCHAR(255)" columnName="MONTANT_TVA" defaultNullValue="''"
                              tableName="MARCHE"/>
    </changeSet>
    <changeSet id="4" author="Memphis">
        <addColumn tableName="MARCHE">
            <column name="TAUX_TVA" type="DOUBLE"/>
        </addColumn>

        <addNotNullConstraint columnDataType="DOUBLE" columnName="TAUX_TVA" defaultNullValue="0" tableName="MARCHE"/>
    </changeSet>
</databaseChangeLog>