<?xml version="1.0" encoding="UTF-8" standalone="no"?>
<window xmlns="http://jmix.io/schema/ui/window"
        xmlns:c="http://jmix.io/schema/ui/jpql-condition"
        caption="msg://banqueBrowse.caption"
        focusComponent="banquesTable">
    <data readOnly="true">
        <collection id="banquesDc"
                    class="com.ascend.memphis.screen.Banque">
            <fetchPlan extends="_base"/>
            <loader id="banquesDl">
                <query>
                    <![CDATA[select e from Banque e]]>
                </query>
            </loader>
        </collection>
    </data>
    <facets>
        <dataLoadCoordinator auto="true"/>
        <screenSettings id="settingsFacet" auto="true"/>
    </facets>
    <actions>
        <action id="lookupSelectAction"
                caption="msg:///actions.Select"
                icon="LOOKUP_OK"
                primary="true"
                shortcut="${COMMIT_SHORTCUT}"/>
        <action id="lookupCancelAction"
                caption="msg:///actions.Cancel"
                icon="LOOKUP_CANCEL"/>
    </actions>
    <dialogMode height="600"
                width="800"/>
    <layout expand="banquesTable" spacing="true">
        <filter id="filter"
                dataLoader="banquesDl">
            <properties include=".*"/>
        </filter>
        <groupTable id="banquesTable"
                    width="100%"
                    dataContainer="banquesDc">
            <actions>
                <action id="create" type="create"/>
                <action id="edit" type="edit"/>
                <action id="remove" type="remove"/>
            </actions>
            <columns>
                <column id="nom_court"/>
                <column id="designation"/>
            </columns>
            <simplePagination/>
            <buttonsPanel id="buttonsPanel"
                          alwaysVisible="true">
                <button id="createBtn" action="banquesTable.create"/>
                <button id="editBtn" action="banquesTable.edit"/>
                <button id="removeBtn" action="banquesTable.remove"/>
            </buttonsPanel>
        </groupTable>
        <hbox id="lookupActions" spacing="true" visible="false">
            <button action="lookupSelectAction"/>
            <button action="lookupCancelAction"/>
        </hbox>
    </layout>
</window>
